,cbSize,cioengine,ciodepth,crw,cnproc,cdevice,cdirect,cmemlim,cfile,cbuffer_compress_percentage,cbuffer_compress_chunk,readBW_bytes,readBW,writeBW_bytes,writeBW,avgreadlat_ns,avgreadlat,avgwritelat_ns,avgwritelat,USR_UTIL_perc,SYS_UTIL_perc,IOW_UTIL_perc,IDL_UTIL_perc,CPU_UTIL_perc,diskutil-TOTAL_READS(KB),diskutil-TOTAL_WRITES(KB),diskutil-TOTAL_READS(MB),diskutil-TOTAL_WRITES(MB),diskutil-TOTAL_READS(GB),diskutil-TOTAL_WRITES(GB),diskutil-rMB/s,diskutil-wMB/s,diskutil-AVGRQ-SZ,diskutil-AVGQU-SZ,diskutil-DEV_UTIL
0,1M,sync,1,randread,1,ram,1,none,none,50,256,9919093062,9.2 GB,0,0.0 B,104835.846344,104.8 µs,0.0,0.0 ns,2.56,0.331905,0.0395238,97.0667,2.93333,,,,,,,,,,,
1,1M,sync,1,randread,1,ssd-raid,1,none,none,50,256,4049945587,3.8 GB,0,0.0 B,258043.771271,258.0 µs,0.0,0.0 ns,1.15133,0.53,0.0704444,98.2469,1.75311,33554500.0,33558840.0,32768.0,32772.0,32.0,32.0,643.959,697.302,22.0298,1.7917,39.4753
2,1M,sync,1,randread,1,zram-lzo,1,none,none,50,256,2532036725,2.4 GB,0,0.0 B,413063.83255,413.1 µs,0.0,0.0 ns,0.790154,0.537077,0.0524615,98.6197,1.38031,33554432.0,33558892.0,32768.0,32772.0,32.0,32.0,475.42,489.144,214.254,0.648806,57.307
3,1M,sync,1,randread,1,zram-zstd,1,none,none,50,256,3070849796,2.9 GB,0,0.0 B,340425.210907,340.4 µs,0.0,0.0 ns,0.300914,0.5676,0.1664,98.9641,1.03594,33554432.0,33559288.0,32768.0,32772.0,32.0,32.0,179.481,185.149,63.7459,1.16294,85.4144
4,1M,sync,1,randread,1,zram-lz4,1,none,none,50,256,3719794128,3.5 GB,0,0.0 B,280830.398315,280.8 µs,0.0,0.0 ns,0.930164,0.546066,0.0745902,98.4482,1.5518,33554432.0,33558912.0,32768.0,32772.0,32.0,32.0,480.081,520.201,146.588,0.609841,53.3529
5,4K,sync,1,randread,1,ram,1,none,none,50,256,2173979017,2.0 GB,0,0.0 B,1360.928723,1.4 µs,0.0,0.0 ns,1.42324,0.315946,0.0378378,98.2216,1.77838,,,,,,,,,,,
6,4K,sync,1,randread,1,ssd-raid,1,none,none,50,256,57662854,55.0 MB,0,0.0 B,70246.246322,70.2 µs,0.0,0.0 ns,0.0865777,0.0767975,0.319859,99.5144,0.485573,33554500.0,33558860.0,32768.0,32772.0,32.0,32.0,51.2419,51.2882,3.74865,0.886745,83.2545
7,4K,sync,1,randread,1,zram-lzo,1,none,none,50,256,759851796,724.7 MB,0,0.0 B,4785.019027,4.8 µs,0.0,0.0 ns,0.543673,0.493469,0.0379592,98.9254,1.07459,33554432.0,33558896.0,32768.0,32772.0,32.0,32.0,326.024,327.726,2.14,0.5057,43.5275
8,4K,sync,1,randread,1,zram-zstd,1,none,none,50,256,761198483,725.9 MB,0,0.0 B,4733.340979,4.7 µs,0.0,0.0 ns,0.286053,0.587053,0.071,99.0548,0.945211,33554432.0,33559200.0,32768.0,32772.0,32.0,32.0,170.63,170.692,1.13542,1.11411,73.4042
9,4K,sync,1,randread,1,zram-lz4,1,none,none,50,256,839701321,800.8 MB,0,0.0 B,4280.561884,4.3 µs,0.0,0.0 ns,0.588495,0.491398,0.0550538,98.8658,1.13419,33554432.0,33558884.0,32768.0,32772.0,32.0,32.0,344.927,344.974,2.08421,0.471263,41.5192
10,64K,sync,1,randread,1,ram,1,none,none,50,256,8027976254,7.5 GB,0,0.0 B,7583.976412,7.6 µs,0.0,0.0 ns,2.55318,0.33,0.0386364,97.0782,2.92182,,,,,,,,,,,
11,64K,sync,1,randread,1,ssd-raid,1,none,none,50,256,664752715,634.0 MB,0,0.0 B,97827.044901,97.8 µs,0.0,0.0 ns,0.602955,0.288864,0.203523,98.9037,1.09625,33554500.0,33558844.0,32768.0,32772.0,32.0,32.0,361.976,364.146,37.1042,1.00578,62.343
12,64K,sync,1,randread,1,zram-lzo,1,none,none,50,256,2114705709,2.0 GB,0,0.0 B,30357.45137,30.4 µs,0.0,0.0 ns,0.794478,0.536866,0.0453731,98.6218,1.37821,33554432.0,33558892.0,32768.0,32772.0,32.0,32.0,461.905,474.965,15.081,0.64942,56.3806
13,64K,sync,1,randread,1,zram-zstd,1,none,none,50,256,2463240258,2.3 GB,0,0.0 B,25848.850691,25.8 µs,0.0,0.0 ns,0.280726,0.555419,0.176257,98.9866,1.01335,33554432.0,33559276.0,32768.0,32772.0,32.0,32.0,169.476,181.055,5.04193,1.13762,84.7831
14,64K,sync,1,randread,1,zram-lz4,1,none,none,50,256,2944279208,2.7 GB,0,0.0 B,21634.641804,21.6 µs,0.0,0.0 ns,0.845082,0.553115,0.05,98.5513,1.44869,33554432.0,33558892.0,32768.0,32772.0,32.0,32.0,494.144,520.2,12.4538,0.638413,53.6186
15,1M,sync,1,randread,256,ram,1,none,none,50,256,85048857346,79.2 GB,0,0.0 B,1888959.466522,1.9 ms,0.0,0.0 ns,3.04294,0.325294,0.00941176,96.6229,3.37706,,,,,,,,,,,
16,1M,sync,1,randread,256,ssd-raid,1,none,none,50,256,23358081827,21.8 GB,0,0.0 B,10655079.680939,10.7 ms,0.0,0.0 ns,1.12511,0.468444,0.301556,98.1016,1.89844,33554432.0,33569612.0,32768.0,32782.0,32.0,32.0,592.051,697.526,5.60468,27.5751,30.2264
17,1M,sync,1,randread,256,zram-lzo,1,none,none,50,256,11856362445,11.0 GB,0,0.0 B,21152860.122498,21.2 ms,0.0,0.0 ns,0.715676,2.72365,0.0341892,96.5278,3.47216,33554432.0,33568752.0,32768.0,32781.0,32.0,32.0,419.051,431.346,40.6912,9.00579,45.2542
18,1M,sync,1,randread,256,zram-zstd,1,none,none,50,256,12422175838,11.6 GB,0,0.0 B,21259517.215057,21.3 ms,0.0,0.0 ns,0.224085,0.978638,0.024766,98.7707,1.22932,33554432.0,33569184.0,32768.0,32782.0,32.0,32.0,116.457,138.315,13.0486,3.29549,82.2485
19,1M,sync,1,randread,256,zram-lz4,1,none,none,50,256,12098499425,11.3 GB,0,0.0 B,20292163.461578,20.3 ms,0.0,0.0 ns,0.723378,2.60703,0.0183784,96.652,3.34797,33554432.0,33569052.0,32768.0,32782.0,32.0,32.0,417.292,431.349,40.6912,8.85803,44.1247
20,4K,sync,1,randread,256,ram,1,none,none,50,256,72184324302,67.2 GB,0,0.0 B,7814.772575,7.8 µs,0.0,0.0 ns,2.47773,0.325,0.0363636,97.16,2.84,,,,,,,,,,,
21,4K,sync,1,randread,256,ssd-raid,1,none,none,50,256,8839654841,8.2 GB,0,0.0 B,116216.453294,116.2 µs,0.0,0.0 ns,1.08222,0.736667,3.41722,94.762,5.23796,33554432.0,33569532.0,32768.0,32782.0,32.0,32.0,537.38,585.418,0.4175,15.242,30.7629
22,4K,sync,1,randread,256,zram-lzo,1,none,none,50,256,7267288148,6.8 GB,0,0.0 B,128444.413599,128.4 µs,0.0,0.0 ns,0.713133,4.35494,0.0345783,94.8993,5.10072,33554432.0,33567852.0,32768.0,32781.0,32.0,32.0,385.507,385.614,0.458824,11.0214,42.3844
23,4K,sync,1,randread,256,zram-zstd,1,none,none,50,256,8237769927,7.7 GB,0,0.0 B,119584.249434,119.6 µs,0.0,0.0 ns,0.229095,1.64601,0.0197531,98.1043,1.89568,33554432.0,33569052.0,32768.0,32782.0,32.0,32.0,133.436,133.799,0.159184,4.52694,80.2628
24,4K,sync,1,randread,256,zram-lz4,1,none,none,50,256,7650799013,7.1 GB,0,0.0 B,122600.016226,122.6 µs,0.0,0.0 ns,0.637195,3.82463,0.0117073,95.5276,4.47244,33554432.0,33568868.0,32768.0,32782.0,32.0,32.0,390.096,390.266,0.464286,10.0681,41.7014
25,64K,sync,1,randread,256,ram,1,none,none,50,256,82595524923,76.9 GB,0,0.0 B,94182.686234,94.2 µs,0.0,0.0 ns,2.83556,0.323889,0.0533333,96.7878,3.21222,,,,,,,,,,,
26,64K,sync,1,randread,256,ssd-raid,1,none,none,50,256,22297039823,20.8 GB,0,0.0 B,737627.562639,737.6 µs,0.0,0.0 ns,1.12444,0.464667,0.0364444,98.3718,1.62822,33554432.0,33569608.0,32768.0,32782.0,32.0,32.0,384.012,697.525,1.51894,5.28234,31.0477
27,64K,sync,1,randread,256,zram-lzo,1,none,none,50,256,11170266049,10.4 GB,0,0.0 B,1358513.046841,1.4 ms,0.0,0.0 ns,0.673243,3.05392,0.0344595,96.2399,3.76014,33554432.0,33567916.0,32768.0,32781.0,32.0,32.0,429.808,431.336,3.60171,8.01711,45.3522
28,64K,sync,1,randread,256,zram-zstd,1,none,none,50,256,11938755513,11.1 GB,0,0.0 B,1309284.128269,1.3 ms,0.0,0.0 ns,0.217754,0.884492,0.0311864,98.8646,1.13542,33554432.0,33569336.0,32768.0,32782.0,32.0,32.0,111.962,137.731,0.881218,2.95445,82.1097
29,64K,sync,1,randread,256,zram-lz4,1,none,none,50,256,11537857074,10.7 GB,0,0.0 B,1284461.890398,1.3 ms,0.0,0.0 ns,0.682368,2.41408,0.0285526,96.8762,3.12382,33554432.0,33567932.0,32768.0,32781.0,32.0,32.0,418.789,420.348,2.68885,7.82474,43.2913
30,1M,sync,1,randwrite,1,ram,1,none,none,50,256,0,0.0 B,5025557754,4.7 GB,0.0,0.0 ns,132978.19809,133.0 µs,3.12333,0.33,0.0416667,96.5033,3.49667,,,,,,,,,,,
31,1M,sync,1,randwrite,1,ssd-raid,1,none,none,50,256,0,0.0 B,3574299216,3.3 GB,0.0,0.0 ns,215991.415894,216.0 µs,5.50667,0.131111,0.113333,94.2511,5.74889,68.0,33559396.0,0.0,32772.0,0.0,32.0,0.495455,2807.16,1.03727,2.08636,46.6036
32,1M,sync,1,randwrite,1,zram-lzo,1,none,none,50,256,0,0.0 B,1034776038,986.8 MB,0.0,0.0 ns,937271.693726,937.3 µs,1.55121,0.395152,0.0215152,98.0342,1.96576,0.0,33560404.0,0.0,32773.0,0.0,32.0,0.004,931.174,0.565143,0.818286,81.782
33,1M,sync,1,randwrite,1,zram-zstd,1,none,none,50,256,0,0.0 B,174907675,166.8 MB,0.0,0.0 ns,5918128.834076,5.9 ms,0.287704,0.396531,0.0216327,99.2936,0.706429,0.0,33573392.0,0.0,32786.0,0.0,32.0,0.000707071,165.238,0.099899,0.968283,96.7504
34,1M,sync,1,randwrite,1,zram-lz4,1,none,none,50,256,0,0.0 B,1044019882,995.7 MB,0.0,0.0 ns,928208.034241,928.2 µs,1.605,0.394062,0.0084375,97.9944,2.00563,0.0,33560440.0,0.0,32773.0,0.0,32.0,0.004,936.404,0.565143,0.819143,81.9466
35,4K,sync,1,randwrite,1,ram,1,none,none,50,256,0,0.0 B,1617537819,1.5 GB,0.0,0.0 ns,1666.816063,1.7 µs,1.91938,0.305937,0.0153125,97.7597,2.24031,,,,,,,,,,,
36,4K,sync,1,randwrite,1,ssd-raid,1,none,none,50,256,0,0.0 B,134079981,127.9 MB,0.0,0.0 ns,29530.389784,29.5 µs,0.232695,0.224102,0.114727,99.4294,0.570625,72.0,36998076.0,0.0,36130.0,0.0,35.0,0.0210078,139.677,0.0596124,0.742364,34.7967
37,4K,sync,1,randwrite,1,zram-lzo,1,none,none,50,256,0,0.0 B,219289018,209.1 MB,0.0,0.0 ns,17708.688061,17.7 µs,0.350513,0.384872,0.0457051,99.2192,0.780833,0.0,35664088.0,0.0,34828.0,0.0,34.0,0.00056962,219.341,0.151899,0.223481,22.1559
38,4K,sync,1,randwrite,1,zram-zstd,1,none,none,50,256,0,0.0 B,99395230,94.8 MB,0.0,0.0 ns,40225.979162,40.2 µs,0.177768,0.399536,0.0408986,99.3825,0.617507,0.0,38044932.0,0.0,37153.0,0.0,36.0,0.000259366,106.846,0.0691643,0.649827,63.6478
39,4K,sync,1,randwrite,1,zram-lz4,1,none,none,50,256,0,0.0 B,219454287,209.3 MB,0.0,0.0 ns,17695.708147,17.7 µs,0.359679,0.386667,0.0357051,99.2174,0.782628,0.0,35659960.0,0.0,34824.0,0.0,34.0,0.00056962,219.534,0.151899,0.217089,21.458
40,64K,sync,1,randwrite,1,ram,1,none,none,50,256,0,0.0 B,4407354844,4.1 GB,0.0,0.0 ns,9603.079168,9.6 µs,2.99368,0.328421,0.0205263,96.6574,3.34263,,,,,,,,,,,
41,64K,sync,1,randwrite,1,ssd-raid,1,none,none,50,256,0,0.0 B,1235872900,1.2 GB,0.0,0.0 ns,47695.541557,47.7 µs,1.89889,0.119259,0.22037,97.7607,2.23926,72.0,33580856.0,0.0,32793.0,0.0,32.0,0.187241,1098.49,0.530345,0.586552,53.8276
42,64K,sync,1,randwrite,1,zram-lzo,1,none,none,50,256,0,0.0 B,859057888,819.3 MB,0.0,0.0 ns,70829.880959,70.8 µs,1.30675,0.39025,0.0375,98.2675,1.7325,0.0,33594548.0,0.0,32807.0,0.0,32.0,0.00285714,781.13,0.40881,0.69119,69.099
43,64K,sync,1,randwrite,1,zram-zstd,1,none,none,50,256,0,0.0 B,168486252,160.7 MB,0.0,0.0 ns,383525.798498,383.5 µs,0.257647,0.397647,0.0217157,99.3214,0.678627,0.0,33738604.0,0.0,32947.0,0.0,32.0,0.000582524,159.935,0.0833495,0.940388,93.6183
44,64K,sync,1,randwrite,1,zram-lz4,1,none,none,50,256,0,0.0 B,868371875,828.1 MB,0.0,0.0 ns,70114.183012,70.1 µs,1.32667,0.393333,0.00615385,98.2756,1.72436,0.0,33594328.0,0.0,32806.0,0.0,32.0,0.00292683,788.813,0.41878,0.699512,69.9493
45,1M,sync,1,randwrite,256,ram,1,none,none,50,256,0,0.0 B,37841121550,35.2 GB,0.0,0.0 ns,3215078.580292,3.2 ms,4.1675,0.37,0.0233333,95.4375,4.5625,,,,,,,,,,,
46,1M,sync,1,randwrite,256,ssd-raid,1,none,none,50,256,0,0.0 B,11243369884,10.5 GB,0.0,0.0 ns,21979253.893005,22.0 ms,18.1733,0.26,34.7267,46.8367,53.1633,0.0,33554432.0,0.0,32768.0,0.0,32.0,1.078,5878.13,1.484,917.498,54.868
47,1M,sync,1,randwrite,256,zram-lzo,1,none,none,50,256,0,0.0 B,2717903683,2.5 GB,0.0,0.0 ns,96675159.434814,96.7 ms,4.21,88.4475,0.203333,7.14,92.86,0.0,33560924.0,0.0,32774.0,0.0,32.0,0.0107143,2155.4,1.51929,206.528,83.2121
48,1M,sync,1,randwrite,256,zram-zstd,1,none,none,50,256,0,0.0 B,2714897152,2.5 GB,0.0,0.0 ns,95233234.91098,95.2 ms,4.51583,88.0758,0.168333,7.24,92.76,0.0,33560948.0,0.0,32774.0,0.0,32.0,0.0107143,2184.14,1.51929,206.294,84.3864
49,1M,sync,1,randwrite,256,zram-lz4,1,none,none,50,256,0,0.0 B,2717258866,2.5 GB,0.0,0.0 ns,94576991.243011,94.6 ms,4.38417,87.4317,0.219167,7.96583,92.0342,0.0,33560940.0,0.0,32774.0,0.0,32.0,0.0107143,2167.44,1.51929,203.433,83.7421
50,4K,sync,1,randwrite,256,ram,1,none,none,50,256,0,0.0 B,42210980796,39.3 GB,0.0,0.0 ns,13672.525647,13.7 µs,4.33167,0.49,0.0166667,95.1608,4.83917,,,,,,,,,,,
51,4K,sync,1,randwrite,256,ssd-raid,1,none,none,50,256,0,0.0 B,7053939307,6.6 GB,0.0,0.0 ns,144501.297316,144.5 µs,11.62,67.01,6.668,14.704,85.296,4.0,33638712.0,0.0,32850.0,0.0,32.0,0.764286,4621.92,1.62429,25.9686,6378.72
52,4K,sync,1,randwrite,256,zram-lzo,1,none,none,50,256,0,0.0 B,2618283804,2.4 GB,0.0,0.0 ns,389337.282788,389.3 µs,4.31462,88.3577,0.226923,7.10231,92.8977,0.0,33711536.0,0.0,32921.0,0.0,32.0,0.00666667,2131.89,1.06667,179.953,85.1193
53,4K,sync,1,randwrite,256,zram-zstd,1,none,none,50,256,0,0.0 B,2595538477,2.4 GB,0.0,0.0 ns,396453.519446,396.5 µs,4.36231,89.4746,0.209231,5.95308,94.0469,0.0,33687764.0,0.0,32898.0,0.0,32.0,0.00666667,2118.4,1.06667,180.871,934.199
54,4K,sync,1,randwrite,256,zram-lz4,1,none,none,50,256,0,0.0 B,2660040130,2.5 GB,0.0,0.0 ns,375772.787313,375.8 µs,4.37077,86.9162,0.215385,8.49769,91.5023,0.0,33710368.0,0.0,32920.0,0.0,32.0,0.00666667,2163.76,1.06667,173.859,85.108
55,64K,sync,1,randwrite,256,ram,1,none,none,50,256,0,0.0 B,41698711611,38.8 GB,0.0,0.0 ns,225605.259396,225.6 µs,4.23917,0.370833,0.0325,95.3558,4.64417,,,,,,,,,,,
56,64K,sync,1,randwrite,256,ssd-raid,1,none,none,50,256,0,0.0 B,11170266049,10.4 GB,0.0,0.0 ns,1469395.011475,1.5 ms,18.8067,0.29,30.63,50.2733,49.7267,0.0,33554432.0,0.0,32768.0,0.0,32.0,1.074,5815.56,1.478,138.63,54.628
57,64K,sync,1,randwrite,256,zram-lzo,1,none,none,50,256,0,0.0 B,2705917338,2.5 GB,0.0,0.0 ns,6043720.653502,6.0 ms,4.11923,87.9062,0.240769,7.73231,92.2677,0.0,33569296.0,0.0,32782.0,0.0,32.0,0.00866667,2179.04,1.21933,205.019,84.4213
58,64K,sync,1,randwrite,256,zram-zstd,1,none,none,50,256,0,0.0 B,2641228254,2.5 GB,0.0,0.0 ns,6087700.645233,6.1 ms,4.32692,87.7315,0.249231,7.69154,92.3085,0.0,33569520.0,0.0,32782.0,0.0,32.0,0.00866667,2176.75,1.21933,204.713,85.1087
59,64K,sync,1,randwrite,256,zram-lz4,1,none,none,50,256,0,0.0 B,2679539761,2.5 GB,0.0,0.0 ns,6118851.329142,6.1 ms,4.46615,87.3208,0.240769,7.97385,92.0262,0.0,33569148.0,0.0,32782.0,0.0,32.0,0.00866667,2166.4,1.21933,206.452,84.796
60,1M,sync,1,read,1,ram,1,none,none,50,256,9997014363,9.3 GB,0,0.0 B,104520.458801,104.5 µs,0.0,0.0 ns,2.44905,0.332857,0.0738095,97.1433,2.85667,,,,,,,,,,,
61,1M,sync,1,read,1,ssd-raid,1,none,none,50,256,4782814360,4.5 GB,0,0.0 B,218826.12149,218.8 µs,0.0,0.0 ns,1.19295,0.539318,0.0640909,98.205,1.795,33554500.0,33558980.0,32768.0,32772.0,32.0,32.0,677.24,712.464,19.7259,1.50804,36.0117
62,1M,sync,1,read,1,zram-lzo,1,none,none,50,256,2596519184,2.4 GB,0,0.0 B,403323.893799,403.3 µs,0.0,0.0 ns,0.890769,0.550769,0.0584615,98.4991,1.50092,33554432.0,33559100.0,32768.0,32772.0,32.0,32.0,489.077,489.038,214.243,0.642836,56.7687
63,1M,sync,1,read,1,zram-zstd,1,none,none,50,256,3225660755,3.0 GB,0,0.0 B,324538.87323,324.5 µs,0.0,0.0 ns,0.282582,0.551648,0.189341,98.9749,1.02511,33554432.0,33559492.0,32768.0,32772.0,32.0,32.0,178.088,178.106,61.3168,1.11402,85.6448
64,1M,sync,1,read,1,zram-lz4,1,none,none,50,256,3887727808,3.6 GB,0,0.0 B,269270.346649,269.3 µs,0.0,0.0 ns,0.895246,0.566066,0.0831148,98.4556,1.54443,33554432.0,33559052.0,32768.0,32772.0,32.0,32.0,520.129,520.203,146.576,0.61254,53.883
65,4K,sync,1,read,1,ram,1,none,none,50,256,4124323414,3.8 GB,0,0.0 B,853.60874,853.6 ns,0.0,0.0 ns,1.66667,0.316333,0.0266667,97.99,2.01,,,,,,,,,,,
66,4K,sync,1,read,1,ssd-raid,1,none,none,50,256,235322943,224.4 MB,0,0.0 B,17232.737937,17.2 µs,0.0,0.0 ns,0.296257,0.238984,0.15615,99.3076,0.692353,33554500.0,33559044.0,32768.0,32772.0,32.0,32.0,172.817,173.404,3.15021,0.740847,55.1263
67,4K,sync,1,read,1,zram-lzo,1,none,none,50,256,954066151,909.9 MB,0,0.0 B,4107.403875,4.1 µs,0.0,0.0 ns,0.611348,0.512022,0.0650562,98.8122,1.18775,33554432.0,33559052.0,32768.0,32772.0,32.0,32.0,357.039,360.14,2.28571,0.485055,42.0065
68,4K,sync,1,read,1,zram-zstd,1,none,none,50,256,967443922,922.6 MB,0,0.0 B,4054.772748,4.1 µs,0.0,0.0 ns,0.279223,0.571917,0.116373,99.032,0.967979,33554432.0,33559400.0,32768.0,32772.0,32.0,32.0,163.765,168.067,1.04615,1.06733,76.0147
69,4K,sync,1,read,1,zram-lz4,1,none,none,50,256,1093771514,1.0 GB,0,0.0 B,3564.214399,3.6 µs,0.0,0.0 ns,0.672857,0.518452,0.0165476,98.7918,1.20821,33554432.0,33559048.0,32768.0,32772.0,32.0,32.0,371.168,381.078,2.18605,0.458488,38.977
70,64K,sync,1,read,1,ram,1,none,none,50,256,8943190621,8.3 GB,0,0.0 B,7126.22719,7.1 µs,0.0,0.0 ns,2.31318,0.333182,0.00863636,97.3445,2.65545,,,,,,,,,,,
71,64K,sync,1,read,1,ssd-raid,1,none,none,50,256,1652784567,1.5 GB,0,0.0 B,39342.300539,39.3 µs,0.0,0.0 ns,0.909298,0.439298,0.109825,98.5428,1.45719,33554500.0,33559156.0,32768.0,32772.0,32.0,32.0,541.403,555.482,22.9724,1.06085,43.7022
72,64K,sync,1,read,1,zram-lzo,1,none,none,50,256,2372254789,2.2 GB,0,0.0 B,27419.552828,27.4 µs,0.0,0.0 ns,0.800909,0.542879,0.0606061,98.5944,1.40561,33554432.0,33559252.0,32768.0,32772.0,32.0,32.0,454.857,481.955,13.4118,0.617647,55.6156
73,64K,sync,1,read,1,zram-zstd,1,none,none,50,256,2793020514,2.6 GB,0,0.0 B,23226.206446,23.2 µs,0.0,0.0 ns,0.326932,0.567727,0.16358,98.9407,1.05926,33554432.0,33559580.0,32768.0,32773.0,32.0,32.0,176.862,184.11,4.40449,1.1491,84.8351
74,64K,sync,1,read,1,zram-lz4,1,none,none,50,256,3446312775,3.2 GB,0,0.0 B,18824.792046,18.8 µs,0.0,0.0 ns,0.823175,0.551111,0.08,98.5465,1.45349,33554432.0,33559268.0,32768.0,32772.0,32.0,32.0,496.064,504.199,10.0923,0.582154,52.268
75,1M,sync,1,read,256,ram,1,none,none,50,256,96516119011,89.9 GB,0,0.0 B,1964700.087952,2.0 ms,0.0,0.0 ns,2.91,0.323889,0.0127778,96.7528,3.24722,,,,,,,,,,,
76,1M,sync,1,read,256,ssd-raid,1,none,none,50,256,23326366848,21.7 GB,0,0.0 B,9955561.545349,10.0 ms,0.0,0.0 ns,1.2014,0.457442,0.154651,98.1837,1.81628,33554432.0,33569584.0,32768.0,32782.0,32.0,32.0,540.681,728.526,5.85356,24.0702,27.5587
77,1M,sync,1,read,256,zram-lzo,1,none,none,50,256,12576770998,11.7 GB,0,0.0 B,19488220.25708,19.5 ms,0.0,0.0 ns,0.683973,2.49712,0.0449315,96.7753,3.22466,33554432.0,33568944.0,32768.0,32782.0,32.0,32.0,429.665,437.1,41.2237,8.34493,43.9291
78,1M,sync,1,read,256,zram-zstd,1,none,none,50,256,12768390326,11.9 GB,0,0.0 B,19792870.932953,19.8 ms,0.0,0.0 ns,0.211489,0.876851,0.0295745,98.88,1.12004,33554432.0,33569316.0,32768.0,32782.0,32.0,32.0,110.879,138.318,13.0455,3.0592,82.3458
79,1M,sync,1,read,256,zram-lz4,1,none,none,50,256,12636902673,11.8 GB,0,0.0 B,19808554.525177,19.8 ms,0.0,0.0 ns,0.731081,2.20108,0.0341892,97.0353,2.96473,33554432.0,33568236.0,32768.0,32781.0,32.0,32.0,377.536,431.324,40.6813,8.075,43.117
80,4K,sync,1,read,256,ram,1,none,none,50,256,86548459365,80.6 GB,0,0.0 B,6153.144076,6.2 µs,0.0,0.0 ns,2.45318,0.329545,0.0390909,97.1795,2.82045,,,,,,,,,,,
81,4K,sync,1,read,256,ssd-raid,1,none,none,50,256,8945518971,8.3 GB,0,0.0 B,115684.40516,115.7 µs,0.0,0.0 ns,1.05423,0.776154,3.92096,94.2479,5.75212,33554432.0,33569644.0,32768.0,32782.0,32.0,32.0,606.914,606.986,0.432963,17.1733,28.9889
82,4K,sync,1,read,256,zram-lzo,1,none,none,50,256,12758907674,11.9 GB,0,0.0 B,63600.422219,63.6 µs,0.0,0.0 ns,0.671772,1.08101,0.0217722,98.2271,1.77291,33554432.0,33568740.0,32768.0,32781.0,32.0,32.0,337.718,404.66,0.444444,4.17272,40.6375
83,4K,sync,1,read,256,zram-zstd,1,none,none,50,256,14491665275,13.5 GB,0,0.0 B,66668.681774,66.7 µs,0.0,0.0 ns,0.21332,0.762656,0.0312033,98.9906,1.00938,33554432.0,33569272.0,32768.0,32782.0,32.0,32.0,117.79,134.897,0.148148,2.61679,80.0828
84,4K,sync,1,read,256,zram-lz4,1,none,none,50,256,13689138792,12.7 GB,0,0.0 B,61757.510584,61.8 µs,0.0,0.0 ns,0.65225,1.60862,0.0265,97.7144,2.28562,33554432.0,33568792.0,32768.0,32782.0,32.0,32.0,399.611,399.783,0.439024,4.62768,40.8978
85,64K,sync,1,read,256,ram,1,none,none,50,256,89478485333,83.3 GB,0,0.0 B,93686.008907,93.7 µs,0.0,0.0 ns,2.73,0.326111,0.0477778,96.895,3.105,,,,,,,,,,,
86,64K,sync,1,read,256,ssd-raid,1,none,none,50,256,22472032941,20.9 GB,0,0.0 B,735468.69887,735.5 µs,0.0,0.0 ns,1.1187,0.459348,0.05,98.37,1.63,33554432.0,33569532.0,32768.0,32782.0,32.0,32.0,404.832,682.992,1.48708,5.43021,29.3027
87,64K,sync,1,read,256,zram-lzo,1,none,none,50,256,12355173810,11.5 GB,0,0.0 B,1265234.417345,1.3 ms,0.0,0.0 ns,0.701781,2.09767,0.0272603,97.1745,2.82548,33554432.0,33568808.0,32768.0,32782.0,32.0,32.0,384.547,437.039,2.78893,7.46547,43.9956
88,64K,sync,1,read,256,zram-zstd,1,none,none,50,256,13261188100,12.4 GB,0,0.0 B,1163269.122021,1.2 ms,0.0,0.0 ns,0.238426,1.10774,0.0131064,98.6393,1.36068,33554432.0,33568972.0,32768.0,32782.0,32.0,32.0,138.262,138.315,0.882574,3.31304,82.2357
89,64K,sync,1,read,256,zram-lz4,1,none,none,50,256,12716409462,11.8 GB,0,0.0 B,1230146.256113,1.2 ms,0.0,0.0 ns,0.722027,2.14865,0.0360811,97.0953,2.90473,33554432.0,33568096.0,32768.0,32781.0,32.0,32.0,384.247,431.339,2.75224,7.38618,44.0491
90,1M,sync,1,write,1,ram,1,none,none,50,256,0,0.0 B,5061835351,4.7 GB,0.0,0.0 ns,132207.860352,132.2 µs,3.07176,0.334118,0.0752941,96.5176,3.48235,,,,,,,,,,,
91,1M,sync,1,write,1,ssd-raid,1,none,none,50,256,0,0.0 B,3905847262,3.6 GB,0.0,0.0 ns,192534.218353,192.5 µs,6.26,0.1,0.23,93.4163,6.58375,68.0,33558704.0,0.0,32772.0,0.0,32.0,0.545,2998.21,1.14,2.255,46.834
92,1M,sync,1,write,1,zram-lzo,1,none,none,50,256,0,0.0 B,1037588354,989.5 MB,0.0,0.0 ns,935433.431854,935.4 µs,1.55273,0.391212,0.0375758,98.0209,1.97909,0.0,33558796.0,0.0,32772.0,0.0,32.0,0.00371429,933.444,0.543714,0.820286,82.0163
93,1M,sync,1,write,1,zram-zstd,1,none,none,50,256,0,0.0 B,175462345,167.3 MB,0.0,0.0 ns,5900446.234955,5.9 ms,0.291744,0.395179,0.0212821,99.2902,0.709846,0.0,33559400.0,0.0,32772.0,0.0,32.0,0.000659898,165.658,0.096599,0.967513,96.7906
94,1M,sync,1,write,1,zram-lz4,1,none,none,50,256,0,0.0 B,1050499522,1001.8 MB,0.0,0.0 ns,922982.213684,923.0 µs,1.63469,0.394687,0.005625,97.9669,2.03313,0.0,33558820.0,0.0,32772.0,0.0,32.0,0.00382353,943.223,0.559706,0.828235,82.8068
95,4K,sync,1,write,1,ram,1,none,none,50,256,0,0.0 B,2703362578,2.5 GB,0.0,0.0 ns,1071.994142,1.1 µs,2.54609,0.305217,0.0256522,97.1222,2.87783,,,,,,,,,,,
96,4K,sync,1,write,1,ssd-raid,1,none,none,50,256,0,0.0 B,170665473,162.8 MB,0.0,0.0 ns,23490.231588,23.5 µs,0.272239,0.158657,0.147512,99.4215,0.578458,68.0,33559340.0,0.0,32772.0,0.0,32.0,0.0266502,161.237,0.0561084,0.478079,47.5688
97,4K,sync,1,write,1,zram-lzo,1,none,none,50,256,0,0.0 B,328810763,313.6 MB,0.0,0.0 ns,11962.639785,12.0 µs,0.521154,0.377115,0.0336538,99.0683,0.931731,0.0,33559044.0,0.0,32772.0,0.0,32.0,0.000849057,307.783,0.320755,0.28717,28.6797
98,4K,sync,1,write,1,zram-zstd,1,none,none,50,256,0,0.0 B,127352625,121.5 MB,0.0,0.0 ns,31656.285624,31.7 µs,0.208587,0.38974,0.0344238,99.3685,0.631487,0.0,33559572.0,0.0,32773.0,0.0,32.0,0.000332103,120.6,0.125461,0.713616,71.4101
99,4K,sync,1,write,1,zram-lz4,1,none,none,50,256,0,0.0 B,328735262,313.5 MB,0.0,0.0 ns,11955.079294,12.0 µs,0.530769,0.377788,0.0313462,99.0626,0.937404,0.0,33559044.0,0.0,32772.0,0.0,32.0,0.000849057,307.753,0.320755,0.278302,27.8103
100,64K,sync,1,write,1,ram,1,none,none,50,256,0,0.0 B,4819037639,4.5 GB,0.0,0.0 ns,8746.326595,8.7 µs,2.88389,0.326111,0.00722222,96.7828,3.21722,,,,,,,,,,,
101,64K,sync,1,write,1,ssd-raid,1,none,none,50,256,0,0.0 B,1356269770,1.3 GB,0.0,0.0 ns,43481.537613,43.5 µs,2.0052,0.1288,0.1916,97.676,2.324,68.0,33558776.0,0.0,32772.0,0.0,32.0,0.201111,1200.47,0.421481,0.634815,61.9419
102,64K,sync,1,write,1,zram-lzo,1,none,none,50,256,0,0.0 B,924195448,881.4 MB,0.0,0.0 ns,66013.194336,66.0 µs,1.43,0.393514,0.0321622,98.1454,1.85459,0.0,33558836.0,0.0,32772.0,0.0,32.0,0.00282051,836.283,0.425385,0.743077,74.281
103,64K,sync,1,write,1,zram-zstd,1,none,none,50,256,0,0.0 B,171479739,163.5 MB,0.0,0.0 ns,377232.570465,377.2 µs,0.24165,0.39555,0.0204,99.3412,0.65885,0.0,33559372.0,0.0,32772.0,0.0,32.0,0.000544554,162.025,0.0821287,0.949208,94.8987
104,64K,sync,1,write,1,zram-lz4,1,none,none,50,256,0,0.0 B,934602827,891.3 MB,0.0,0.0 ns,65250.342497,65.3 µs,1.4075,0.392222,0.0194444,98.1811,1.81889,0.0,33558804.0,0.0,32772.0,0.0,32.0,0.00289474,844.869,0.436579,0.743421,74.2821
105,1M,sync,1,write,256,ram,1,none,none,50,256,0,0.0 B,39999695422,37.3 GB,0.0,0.0 ns,3208835.548615,3.2 ms,4.51273,0.366364,0.0263636,95.0936,4.90636,,,,,,,,,,,
106,1M,sync,1,write,256,ssd-raid,1,none,none,50,256,0,0.0 B,11199393209,10.4 GB,0.0,0.0 ns,20557116.136749,20.6 ms,17.44,0.186667,27.9567,54.4233,45.5767,0.0,33554432.0,0.0,32768.0,0.0,32.0,1.078,5988.9,1.484,818.652,56.048
107,1M,sync,1,write,256,zram-lzo,1,none,none,50,256,0,0.0 B,2723073257,2.5 GB,0.0,0.0 ns,94177430.732025,94.2 ms,4.2575,87.4242,0.005,8.31167,91.6883,0.0,33558872.0,0.0,32772.0,0.0,32.0,0.01,2174.52,1.46643,202.749,83.7329
108,1M,sync,1,write,256,zram-zstd,1,none,none,50,256,0,0.0 B,2743949717,2.6 GB,0.0,0.0 ns,94961650.309326,95.0 ms,4.22083,88.76,0.0175,7.00167,92.9983,0.0,33558896.0,0.0,32772.0,0.0,32.0,0.01,2209.51,1.46643,208.844,84.4086
109,1M,sync,1,write,256,zram-lz4,1,none,none,50,256,0,0.0 B,2698691357,2.5 GB,0.0,0.0 ns,96847877.465607,96.8 ms,4.29667,88.6692,0.00916667,7.025,92.975,0.0,33558872.0,0.0,32772.0,0.0,32.0,0.01,2155.94,1.46643,210.953,84.1779
110,4K,sync,1,write,256,ram,1,none,none,50,256,0,0.0 B,43111340486,40.2 GB,0.0,0.0 ns,13513.068289,13.5 µs,5.18545,0.363636,0.0136364,94.4355,5.56455,,,,,,,,,,,
111,4K,sync,1,write,256,ssd-raid,1,none,none,50,256,0,0.0 B,4617003274,4.3 GB,0.0,0.0 ns,222503.443759,222.5 µs,7.64,73.1929,9.35429,9.81143,90.1886,0.0,33558720.0,0.0,32772.0,0.0,32.0,0.594444,3356.41,0.82,22.7,75.8356
112,4K,sync,1,write,256,zram-lzo,1,none,none,50,256,0,0.0 B,2770276414,2.6 GB,0.0,0.0 ns,365408.324257,365.4 µs,4.4775,86.7892,0.0,8.73167,91.2683,0.0,33558864.0,0.0,32772.0,0.0,32.0,0.00714286,2208.8,1.35714,166.686,2642.61
113,4K,sync,1,write,256,zram-zstd,1,none,none,50,256,0,0.0 B,2814526406,2.6 GB,0.0,0.0 ns,359456.38423,359.5 µs,4.65417,85.0908,0.0,10.2558,89.7442,0.0,33558840.0,0.0,32772.0,0.0,32.0,0.00714286,2250.66,1.35714,170.244,1065.46
114,4K,sync,1,write,256,zram-lz4,1,none,none,50,256,0,0.0 B,2821691579,2.6 GB,0.0,0.0 ns,351315.291505,351.3 µs,4.65167,84.505,0.0075,10.8358,89.1642,0.0,33558840.0,0.0,32772.0,0.0,32.0,0.00714286,2265.87,1.35714,169.922,83.9964
115,64K,sync,1,write,256,ram,1,none,none,50,256,0,0.0 B,43882169052,40.9 GB,0.0,0.0 ns,154848.616362,154.8 µs,4.46333,0.3675,0.0391667,95.1267,4.87333,,,,,,,,,,,
116,64K,sync,1,write,256,ssd-raid,1,none,none,50,256,0,0.0 B,10998635841,10.2 GB,0.0,0.0 ns,1506246.083927,1.5 ms,16.6067,1.21667,20.5733,61.6,38.4,0.0,33554432.0,0.0,32768.0,0.0,32.0,1.074,5956.49,1.478,142.478,8149.55
117,64K,sync,1,write,256,zram-lzo,1,none,none,50,256,0,0.0 B,2717903683,2.5 GB,0.0,0.0 ns,5953730.482096,6.0 ms,4.35583,85.9908,0.0508333,9.6025,90.3975,0.0,33558864.0,0.0,32772.0,0.0,32.0,0.00857143,2169.39,1.26643,205.117,2424.54
118,64K,sync,1,write,256,zram-zstd,1,none,none,50,256,0,0.0 B,2685403545,2.5 GB,0.0,0.0 ns,5966617.29705,6.0 ms,3.96462,85.9769,0.0507692,10.0092,89.9908,0.0,33558888.0,0.0,32772.0,0.0,32.0,0.008,2179.7,1.182,199.405,85.368
119,64K,sync,1,write,256,zram-lz4,1,none,none,50,256,0,0.0 B,2682049673,2.5 GB,0.0,0.0 ns,6052861.351122,6.1 ms,3.87308,87.5292,0.0476923,8.55,91.45,0.0,33558872.0,0.0,32772.0,0.0,32.0,0.008,2175.57,1.182,204.949,405.563
